
-- REGISTRAR ENDERECOS
INSERT INTO PAIS (ID_PAIS, NOME) VALUES ( 1, 'BRASIL');
INSERT INTO PAIS (ID_PAIS, NOME) VALUES ( 2, 'EUA');
INSERT INTO PAIS (ID_PAIS, NOME) VALUES ( 3, 'ENGLAND');
INSERT INTO PAIS (ID_PAIS, NOME) VALUES ( 4, 'ARGENTINA');

INSERT INTO ESTADO (ID_ESTADO, ID_PAIS, NOME) VALUES ( 1, 1, 'NA' );
INSERT INTO ESTADO (ID_ESTADO, ID_PAIS, NOME) VALUES ( 2, 1, 'SAO PAULO' );
INSERT INTO ESTADO (ID_ESTADO, ID_PAIS, NOME) VALUES ( 3, 2, 'CALIFORNIA' );
INSERT INTO ESTADO (ID_ESTADO, ID_PAIS, NOME) VALUES ( 4, 3, 'BOROUGHS' );
INSERT INTO ESTADO (ID_ESTADO, ID_PAIS, NOME) VALUES ( 5, 4, 'BUENOS AIRES');
INSERT INTO ESTADO (ID_ESTADO, ID_PAIS, NOME) VALUES ( 6, 1, 'RIO GRANDE DO SUL');

INSERT INTO CIDADE (ID_CIDADE, ID_ESTADO, NOME) VALUES ( 1, 1, 'NA' );
INSERT INTO CIDADE (ID_CIDADE, ID_ESTADO, NOME) VALUES ( 2, 2, 'ITU' );
INSERT INTO CIDADE (ID_CIDADE, ID_ESTADO, NOME) VALUES ( 3, 3, 'SAN FRANCISCO' );
INSERT INTO CIDADE (ID_CIDADE, ID_ESTADO, NOME) VALUES ( 4, 4, 'LONDRES' );
INSERT INTO CIDADE (ID_CIDADE, ID_ESTADO, NOME) VALUES ( 5, 5, 'BUENOS AIRES' );
INSERT INTO CIDADE (ID_CIDADE, ID_ESTADO, NOME) VALUES ( 6, 6, 'PORTO ALEGRE' );

INSERT INTO BAIRRO (ID_BAIRRO, ID_CIDADE, ID_ESTADO, NOME) VALUES ( 1, 1, 1, 'NA' );
INSERT INTO BAIRRO (ID_BAIRRO, ID_CIDADE, ID_ESTADO, NOME) VALUES ( 2, 2, 2, 'QUALQUER' );
INSERT INTO BAIRRO (ID_BAIRRO, ID_CIDADE, ID_ESTADO, NOME) VALUES ( 3, 3, 3, 'Between Hyde and Powell Streets' );
INSERT INTO BAIRRO (ID_BAIRRO, ID_CIDADE, ID_ESTADO, NOME) VALUES ( 4, 4, 4, 'TESTING' );
INSERT INTO BAIRRO (ID_BAIRRO, ID_CIDADE, ID_ESTADO, NOME) VALUES ( 5, 5, 5, 'CAMINITO' );
INSERT INTO BAIRRO (ID_BAIRRO, ID_CIDADE, ID_ESTADO, NOME) VALUES ( 6, 6, 6, 'SARANDI' );
INSERT INTO BAIRRO (ID_BAIRRO, ID_CIDADE, ID_ESTADO, NOME) VALUES ( 7, 6, 6, 'ELIZABETH' );
INSERT INTO BAIRRO (ID_BAIRRO, ID_CIDADE, ID_ESTADO, NOME) VALUES ( 8, 6, 6, 'SAO GERALDO' );


INSERT INTO ENDERECO (ID_ENDERECO, ID_BAIRRO, ID_CIDADE, LOGRADOURO, NUMERO, COMPLEMENTO)
        VALUES ( 1, 1, 1, 'RUA TESTANDO', 55, 'LOJA 1' );
INSERT INTO ENDERECO (ID_ENDERECO, ID_BAIRRO, ID_CIDADE, LOGRADOURO, NUMERO, COMPLEMENTO)
        VALUES ( 2, 1, 1, 'RUA TESTANDO', 55, 'LOJA 2' );
INSERT INTO ENDERECO (ID_ENDERECO, ID_BAIRRO, ID_CIDADE, LOGRADOURO, NUMERO, COMPLEMENTO)
        VALUES ( 3, 1, 1, 'RUA TESTANDO', 55, 'LOJA 3' );
INSERT INTO ENDERECO (ID_ENDERECO, ID_BAIRRO, ID_CIDADE, LOGRADOURO, NUMERO )
        VALUES ( 4, 2, 2, 'RUA DO MEIO', 2233 );
INSERT INTO ENDERECO (ID_ENDERECO, ID_BAIRRO, ID_CIDADE, LOGRADOURO, NUMERO )
        VALUES ( 5, 3, 3, 'RUA TESTING', 122 );
INSERT INTO ENDERECO (ID_ENDERECO, ID_BAIRRO, ID_CIDADE, LOGRADOURO, NUMERO )
        VALUES ( 6, 4, 4, 'RUA TESTING', 525 );
INSERT INTO ENDERECO (ID_ENDERECO, ID_BAIRRO, ID_CIDADE, LOGRADOURO, NUMERO )
        VALUES ( 7, 5, 5, 'RUA DO BOCA', 222 );
        
INSERT INTO ENDERECO (ID_ENDERECO, ID_BAIRRO, ID_CIDADE, LOGRADOURO, NUMERO )
        VALUES ( 8, 6, 6, 'AVENIDA ASSIS BRASIL', 6300 );
INSERT INTO ENDERECO (ID_ENDERECO, ID_BAIRRO, ID_CIDADE, LOGRADOURO, NUMERO )
        VALUES ( 9, 6, 6, 'AVENIDA SERTORIO', 4000 );
INSERT INTO ENDERECO (ID_ENDERECO, ID_BAIRRO, ID_CIDADE, LOGRADOURO, NUMERO )
        VALUES ( 10, 8, 6, 'AVENIDA FARRAPOS', 3800 );
INSERT INTO ENDERECO (ID_ENDERECO, ID_BAIRRO, ID_CIDADE, LOGRADOURO, NUMERO )
        VALUES ( 11, 7, 6, 'AVENIDA ASSIS BRASIL', 7050 );
INSERT INTO ENDERECO (ID_ENDERECO, ID_BAIRRO, ID_CIDADE, LOGRADOURO, NUMERO )
        VALUES ( 12, 7, 6, 'AVENIDA ASSIS BRASIL', 7300 );
INSERT INTO ENDERECO (ID_ENDERECO, ID_BAIRRO, ID_CIDADE, LOGRADOURO, NUMERO )
        VALUES ( 13, 6, 6, 'AVENIDA SERTORIO', 4590 );
INSERT INTO ENDERECO (ID_ENDERECO, ID_BAIRRO, ID_CIDADE, LOGRADOURO, NUMERO )
        VALUES ( 14, 8, 6, 'AVENIDA FARRAPOS', 8900 );
INSERT INTO ENDERECO (ID_ENDERECO, ID_BAIRRO, ID_CIDADE, LOGRADOURO, NUMERO )
        VALUES ( 15, 8, 6, 'AVENIDA FARRAPOS', 6880 );
INSERT INTO ENDERECO (ID_ENDERECO, ID_BAIRRO, ID_CIDADE, LOGRADOURO, NUMERO )
        VALUES ( 16, 7, 6, 'AVENIDA ASSIS BRASIL', 7630 );
INSERT INTO ENDERECO (ID_ENDERECO, ID_BAIRRO, ID_CIDADE, LOGRADOURO, NUMERO )
        VALUES ( 17, 6, 6, 'AVENIDA SERTORIO', 9000 );
        
        
--REGISTRAR AGENCIAS
INSERT INTO BANCO (CODIGO, NOME) VALUES ( '011', 'BANCO ALFA' );
INSERT INTO BANCO (CODIGO, NOME) VALUES ( '241', 'BANCO BETA' );
INSERT INTO BANCO (CODIGO, NOME) VALUES ( '307', 'BANCO OMEGA' );
        
INSERT INTO AGENCIA( CODIGO, ID_BANCO, ID_ENDERECO, NOME ) VALUES ( '0001', '011', 1, 'WEB' );
INSERT INTO AGENCIA( CODIGO, ID_BANCO, ID_ENDERECO, NOME ) VALUES ( '0002', '011', 5, 'CALIFORNIA' );
INSERT INTO AGENCIA( CODIGO, ID_BANCO, ID_ENDERECO, NOME ) VALUES ( '0101', '011', 6, 'LONDRES' );
INSERT INTO AGENCIA( CODIGO, ID_BANCO, ID_ENDERECO, NOME ) VALUES ( '0001', '241', 2, 'WEB' );
INSERT INTO AGENCIA( CODIGO, ID_BANCO, ID_ENDERECO, NOME ) VALUES ( '0001', '307', 3, 'WEB' );
INSERT INTO AGENCIA( CODIGO, ID_BANCO, ID_ENDERECO, NOME ) VALUES ( '8761', '307', 4, 'ITU' );
INSERT INTO AGENCIA( CODIGO, ID_BANCO, ID_ENDERECO, NOME ) VALUES ( '4567', '307', 7, 'HERMANA' );



--REGISTRAR CONTAS
INSERT INTO CLIENTE( CPF, NOME, DATA_NASCIMENTO, ESTADO_CIVIL ) VALUES ( '123.456.789-09', 'BELTRANO DA SILVA', '01/01/2000', 'SOLTEIRO'  );
INSERT INTO CLIENTE_X_ENDERECO( ID_CLIENTE, ID_ENDERECO ) VALUES ( '123.456.789-09', 8 );
INSERT INTO CLIENTE( CPF, NOME, DATA_NASCIMENTO, ESTADO_CIVIL ) VALUES ( '123.456.789-10', 'CICLANO DA SILVA', '11/12/2003', 'CASADO'  );
INSERT INTO CLIENTE_X_ENDERECO( ID_CLIENTE, ID_ENDERECO ) VALUES ( '123.456.789-10', 9 );
INSERT INTO CLIENTE( CPF, NOME, DATA_NASCIMENTO, ESTADO_CIVIL ) VALUES ( '123.456.789-11', 'FULANO DA SILVA', '23/05/1989', 'CASADO'  );
INSERT INTO CLIENTE_X_ENDERECO( ID_CLIENTE, ID_ENDERECO ) VALUES ( '123.456.789-11', 10 );
INSERT INTO CLIENTE( CPF, NOME, DATA_NASCIMENTO, ESTADO_CIVIL ) VALUES ( '123.456.789-12', 'ANDRE DA SILVA', '22/08/1998', 'DIVORCIADO'  );
INSERT INTO CLIENTE_X_ENDERECO( ID_CLIENTE, ID_ENDERECO ) VALUES ( '123.456.789-12', 11 );
INSERT INTO CLIENTE( CPF, NOME, DATA_NASCIMENTO, ESTADO_CIVIL ) VALUES ( '123.456.789-13', 'ANDERSSON DA SILVA', '16/02/2002', 'SOLTEIRO'  );
INSERT INTO CLIENTE_X_ENDERECO( ID_CLIENTE, ID_ENDERECO ) VALUES ( '123.456.789-13', 12 );
INSERT INTO CLIENTE( CPF, NOME, DATA_NASCIMENTO, ESTADO_CIVIL ) VALUES ( '123.456.789-14', 'BETO DA SILVA', '08/09/1979', 'SOLTEIRO'  );
INSERT INTO CLIENTE_X_ENDERECO( ID_CLIENTE, ID_ENDERECO ) VALUES ( '123.456.789-14', 13 );
INSERT INTO CLIENTE( CPF, NOME, DATA_NASCIMENTO, ESTADO_CIVIL ) VALUES ( '123.456.789-15', 'BRUNO DA SILVA', '30/12/1996', 'DIVORCIADO'  );
INSERT INTO CLIENTE_X_ENDERECO( ID_CLIENTE, ID_ENDERECO ) VALUES ( '123.456.789-15', 14 );
INSERT INTO CLIENTE( CPF, NOME, DATA_NASCIMENTO, ESTADO_CIVIL ) VALUES ( '123.456.789-16', 'CARLOS DA SILVA', '10/11/1994', 'CASADO'  );
INSERT INTO CLIENTE_X_ENDERECO( ID_CLIENTE, ID_ENDERECO ) VALUES ( '123.456.789-16', 15 );
INSERT INTO CLIENTE( CPF, NOME, DATA_NASCIMENTO, ESTADO_CIVIL ) VALUES ( '123.456.789-17', 'CIRO DA SILVA', '04/04/1997', 'SOLTEIRO'  );
INSERT INTO CLIENTE_X_ENDERECO( ID_CLIENTE, ID_ENDERECO ) VALUES ( '123.456.789-17', 16 );
INSERT INTO CLIENTE( CPF, NOME, DATA_NASCIMENTO, ESTADO_CIVIL ) VALUES ( '123.456.789-18', 'CRISTIANO DA SILVA', '06/05/1998', 'DIVORCIADO'  );
INSERT INTO CLIENTE_X_ENDERECO( ID_CLIENTE, ID_ENDERECO ) VALUES ( '123.456.789-18', 17 );

INSERT INTO CLIENTE( CPF, NOME, DATA_NASCIMENTO, ESTADO_CIVIL ) VALUES ( '123.456.789-19', 'DRACULA DA SILVA', '16/09/1610', 'VIUVO'  );
INSERT INTO CLIENTE_X_ENDERECO( ID_CLIENTE, ID_ENDERECO ) VALUES ( '123.456.789-19', 8 );
INSERT INTO CLIENTE( CPF, NOME, DATA_NASCIMENTO, ESTADO_CIVIL ) VALUES ( '123.456.789-20', 'DANIEL DA SILVA', '20/10/1998', 'SOLTEIRO'  );
INSERT INTO CLIENTE_X_ENDERECO( ID_CLIENTE, ID_ENDERECO ) VALUES ( '123.456.789-20', 9 );
INSERT INTO CLIENTE( CPF, NOME, DATA_NASCIMENTO, ESTADO_CIVIL ) VALUES ( '123.456.789-21', 'DAVID DA SILVA', '21/11/1999', 'CASADO'  );
INSERT INTO CLIENTE_X_ENDERECO( ID_CLIENTE, ID_ENDERECO ) VALUES ( '123.456.789-21', 10 );
INSERT INTO CLIENTE( CPF, NOME, DATA_NASCIMENTO, ESTADO_CIVIL ) VALUES ( '123.456.789-22', 'DANILO DA SILVA', '19/03/1995', 'DIVORCIADO'  );
INSERT INTO CLIENTE_X_ENDERECO( ID_CLIENTE, ID_ENDERECO ) VALUES ( '123.456.789-22', 11 );
INSERT INTO CLIENTE( CPF, NOME, DATA_NASCIMENTO, ESTADO_CIVIL ) VALUES ( '123.456.789-23', 'ELISEU DA SILVA', '25/05/1994', 'SOLTEIRO'  );
INSERT INTO CLIENTE_X_ENDERECO( ID_CLIENTE, ID_ENDERECO ) VALUES ( '123.456.789-23', 12 );
INSERT INTO CLIENTE( CPF, NOME, DATA_NASCIMENTO, ESTADO_CIVIL ) VALUES ( '123.456.789-24', 'EMERSON DA SILVA', '13/04/1993', 'CASADO'  );
INSERT INTO CLIENTE_X_ENDERECO( ID_CLIENTE, ID_ENDERECO ) VALUES ( '123.456.789-24', 13 );
INSERT INTO CLIENTE( CPF, NOME, DATA_NASCIMENTO, ESTADO_CIVIL ) VALUES ( '123.456.789-25', 'FELIPE DA SILVA', '18/02/1998', 'SOLTEIRO'  );
INSERT INTO CLIENTE_X_ENDERECO( ID_CLIENTE, ID_ENDERECO ) VALUES ( '123.456.789-25', 14 );
INSERT INTO CLIENTE( CPF, NOME, DATA_NASCIMENTO, ESTADO_CIVIL ) VALUES ( '123.456.789-26', 'FABIO DA SILVA', '23/10/1986', 'DIVORCIADO'  );
INSERT INTO CLIENTE_X_ENDERECO( ID_CLIENTE, ID_ENDERECO ) VALUES ( '123.456.789-26', 15 );
INSERT INTO CLIENTE( CPF, NOME, DATA_NASCIMENTO, ESTADO_CIVIL ) VALUES ( '123.456.789-27', 'FABRICIO DA SILVA', '27/11/1989', 'SOLTEIRO'  );
INSERT INTO CLIENTE_X_ENDERECO( ID_CLIENTE, ID_ENDERECO ) VALUES ( '123.456.789-27', 16 );
INSERT INTO CLIENTE( CPF, NOME, DATA_NASCIMENTO, ESTADO_CIVIL ) VALUES ( '123.456.789-28', 'FABIANO DA SILVA', '17/12/1999', 'CASADO'  );
INSERT INTO CLIENTE_X_ENDERECO( ID_CLIENTE, ID_ENDERECO ) VALUES ( '123.456.789-28', 17 );

INSERT INTO CLIENTE( CPF, NOME, DATA_NASCIMENTO, ESTADO_CIVIL ) VALUES ( '123.456.789-29', 'GABRIEL DA SILVA', '30/04/1997', 'UNIAO ESTAVEL'  );
INSERT INTO CLIENTE_X_ENDERECO( ID_CLIENTE, ID_ENDERECO ) VALUES ( '123.456.789-29', 8 );
INSERT INTO CLIENTE( CPF, NOME, DATA_NASCIMENTO, ESTADO_CIVIL ) VALUES ( '123.456.789-30', 'GEORGE DA SILVA', '25/07/1987', 'CASADO'  );
INSERT INTO CLIENTE_X_ENDERECO( ID_CLIENTE, ID_ENDERECO ) VALUES ( '123.456.789-30', 9 );
INSERT INTO CLIENTE( CPF, NOME, DATA_NASCIMENTO, ESTADO_CIVIL ) VALUES ( '123.456.789-31', 'GUILHERME DA SILVA', '16/03/1983', 'DIVORCIADO'  );
INSERT INTO CLIENTE_X_ENDERECO( ID_CLIENTE, ID_ENDERECO ) VALUES ( '123.456.789-31', 10 );
INSERT INTO CLIENTE( CPF, NOME, DATA_NASCIMENTO, ESTADO_CIVIL ) VALUES ( '123.456.789-32', 'GUSTAVO DA SILVA', '06/08/1975', 'SOLTEIRO'  );
INSERT INTO CLIENTE_X_ENDERECO( ID_CLIENTE, ID_ENDERECO ) VALUES ( '123.456.789-32', 11 );
INSERT INTO CLIENTE( CPF, NOME, DATA_NASCIMENTO, ESTADO_CIVIL ) VALUES ( '123.456.789-33', 'HUMBERTO DA SILVA', '25/05/1996', 'CASADO'  );
INSERT INTO CLIENTE_X_ENDERECO( ID_CLIENTE, ID_ENDERECO ) VALUES ( '123.456.789-33', 12 );
INSERT INTO CLIENTE( CPF, NOME, DATA_NASCIMENTO, ESTADO_CIVIL ) VALUES ( '123.456.789-34', 'HELIO DA SILVA', '03/02/1998', 'DIVORCIADO'  );
INSERT INTO CLIENTE_X_ENDERECO( ID_CLIENTE, ID_ENDERECO ) VALUES ( '123.456.789-34', 13 );
INSERT INTO CLIENTE( CPF, NOME, DATA_NASCIMENTO, ESTADO_CIVIL ) VALUES ( '123.456.789-35', 'IAN DA SILVA', '04/09/1992', 'SOLTEIRO'  );
INSERT INTO CLIENTE_X_ENDERECO( ID_CLIENTE, ID_ENDERECO ) VALUES ( '123.456.789-35', 14 );
INSERT INTO CLIENTE( CPF, NOME, DATA_NASCIMENTO, ESTADO_CIVIL ) VALUES ( '123.456.789-36', 'IAGO DA SILVA', '12/10/1994', 'DIVORCIADO'  );
INSERT INTO CLIENTE_X_ENDERECO( ID_CLIENTE, ID_ENDERECO ) VALUES ( '123.456.789-36', 15 );
INSERT INTO CLIENTE( CPF, NOME, DATA_NASCIMENTO, ESTADO_CIVIL ) VALUES ( '123.456.789-37', 'LUCAS DA SILVA', '16/03/1998', 'DIVORCIADO'  );
INSERT INTO CLIENTE_X_ENDERECO( ID_CLIENTE, ID_ENDERECO ) VALUES ( '123.456.789-37', 16 );
INSERT INTO CLIENTE( CPF, NOME, DATA_NASCIMENTO, ESTADO_CIVIL ) VALUES ( '123.456.789-38', 'MARCO ANTONIO DA SILVA', '26/01/1995', 'SOLTEIRO'  );
INSERT INTO CLIENTE_X_ENDERECO( ID_CLIENTE, ID_ENDERECO ) VALUES ( '123.456.789-38', 17 );


INSERT INTO TIPO_CONTA( ID_TIPO_CONTA, NOME ) VALUES ( 1, 'PF' );
INSERT INTO TIPO_CONTA( ID_TIPO_CONTA, NOME ) VALUES ( 2, 'PJ' );
INSERT INTO TIPO_CONTA( ID_TIPO_CONTA, NOME ) VALUES ( 3, 'CONJ' );
INSERT INTO TIPO_CONTA( ID_TIPO_CONTA, NOME ) VALUES ( 4, 'INVEST' );


-- BANCO ALFA
INSERT INTO CONTA( CODIGO, CODIGO_AGENCIA, ID_BANCO, TIPO_CONTA, SALDO ) VALUES ( 1, '0001', '011', 2, 10000.00 );
INSERT INTO CONTA( CODIGO, CODIGO_AGENCIA, ID_BANCO, TIPO_CONTA, SALDO ) VALUES ( 2, '0002', '011', 2, -2000.00 );
INSERT INTO CONTA( CODIGO, CODIGO_AGENCIA, ID_BANCO, TIPO_CONTA, SALDO ) VALUES ( 3, '0001', '011', 3, 160.00 );
INSERT INTO CONTA( CODIGO, CODIGO_AGENCIA, ID_BANCO, TIPO_CONTA, SALDO ) VALUES ( 4, '0101', '011', 3, 1650.00);
INSERT INTO CONTA( CODIGO, CODIGO_AGENCIA, ID_BANCO, TIPO_CONTA, SALDO ) VALUES ( 5, '0101', '011', 3, 20300.00 );

INSERT INTO CLIENTE_X_CONTA( ID_CLIENTE, CODIGO, ID_BANCO,  TIPO_CONTA ) VALUES ( '123.456.789-09', 1, '011', 2 );
INSERT INTO CLIENTE_X_CONTA( ID_CLIENTE, CODIGO, ID_BANCO,  TIPO_CONTA ) VALUES ( '123.456.789-10', 1, '011', 2 );
INSERT INTO CLIENTE_X_CONTA( ID_CLIENTE, CODIGO, ID_BANCO,  TIPO_CONTA ) VALUES ( '123.456.789-11', 1, '011', 2 );

INSERT INTO CLIENTE_X_CONTA( ID_CLIENTE, CODIGO, ID_BANCO,  TIPO_CONTA ) VALUES ( '123.456.789-12', 2, '011', 2 );
INSERT INTO CLIENTE_X_CONTA( ID_CLIENTE, CODIGO, ID_BANCO,  TIPO_CONTA ) VALUES ( '123.456.789-13', 2, '011', 2 );
INSERT INTO CLIENTE_X_CONTA( ID_CLIENTE, CODIGO, ID_BANCO,  TIPO_CONTA ) VALUES ( '123.456.789-14', 2, '011', 2 );

INSERT INTO CLIENTE_X_CONTA( ID_CLIENTE, CODIGO, ID_BANCO,  TIPO_CONTA ) VALUES ( '123.456.789-15', 3, '011', 3 );
INSERT INTO CLIENTE_X_CONTA( ID_CLIENTE, CODIGO, ID_BANCO,  TIPO_CONTA ) VALUES ( '123.456.789-16', 3, '011', 3 );

INSERT INTO CLIENTE_X_CONTA( ID_CLIENTE, CODIGO, ID_BANCO,  TIPO_CONTA ) VALUES ( '123.456.789-17', 4, '011', 3 );
INSERT INTO CLIENTE_X_CONTA( ID_CLIENTE, CODIGO, ID_BANCO,  TIPO_CONTA ) VALUES ( '123.456.789-18', 4, '011', 3 );

INSERT INTO CLIENTE_X_CONTA( ID_CLIENTE, CODIGO, ID_BANCO,  TIPO_CONTA ) VALUES ( '123.456.789-19', 5, '011', 3 );
INSERT INTO CLIENTE_X_CONTA( ID_CLIENTE, CODIGO, ID_BANCO,  TIPO_CONTA ) VALUES ( '123.456.789-20', 5, '011', 3 );


-- BANCO BETA
INSERT INTO CONTA( CODIGO, CODIGO_AGENCIA, ID_BANCO, TIPO_CONTA, SALDO ) VALUES ( 6, '0001', '241', 2, 500.00 );
INSERT INTO CONTA( CODIGO, CODIGO_AGENCIA, ID_BANCO, TIPO_CONTA, SALDO ) VALUES ( 7, '0001', '241', 2, 6890.00 );
INSERT INTO CONTA( CODIGO, CODIGO_AGENCIA, ID_BANCO, TIPO_CONTA, SALDO ) VALUES ( 8, '0001', '241', 3, 2450.30 );
INSERT INTO CONTA( CODIGO, CODIGO_AGENCIA, ID_BANCO, TIPO_CONTA, SALDO ) VALUES ( 9, '0001', '241', 3, -900.00);
INSERT INTO CONTA( CODIGO, CODIGO_AGENCIA, ID_BANCO, TIPO_CONTA, SALDO ) VALUES ( 10, '0001', '241', 3, 1260.00 );

INSERT INTO CLIENTE_X_CONTA( ID_CLIENTE, CODIGO, ID_BANCO,  TIPO_CONTA ) VALUES ( '123.456.789-21', 6, '241', 2 );
INSERT INTO CLIENTE_X_CONTA( ID_CLIENTE, CODIGO, ID_BANCO,  TIPO_CONTA ) VALUES ( '123.456.789-22', 6, '241', 2 );
INSERT INTO CLIENTE_X_CONTA( ID_CLIENTE, CODIGO, ID_BANCO,  TIPO_CONTA ) VALUES ( '123.456.789-23', 6, '241', 2 );

INSERT INTO CLIENTE_X_CONTA( ID_CLIENTE, CODIGO, ID_BANCO,  TIPO_CONTA ) VALUES ( '123.456.789-24', 7, '241', 2 );
INSERT INTO CLIENTE_X_CONTA( ID_CLIENTE, CODIGO, ID_BANCO,  TIPO_CONTA ) VALUES ( '123.456.789-25', 7, '241', 2 );
INSERT INTO CLIENTE_X_CONTA( ID_CLIENTE, CODIGO, ID_BANCO,  TIPO_CONTA ) VALUES ( '123.456.789-26', 7, '241', 2 );

INSERT INTO CLIENTE_X_CONTA( ID_CLIENTE, CODIGO, ID_BANCO,  TIPO_CONTA ) VALUES ( '123.456.789-27', 8, '241', 3 );
INSERT INTO CLIENTE_X_CONTA( ID_CLIENTE, CODIGO, ID_BANCO,  TIPO_CONTA ) VALUES ( '123.456.789-28', 8, '241', 3 );

INSERT INTO CLIENTE_X_CONTA( ID_CLIENTE, CODIGO, ID_BANCO,  TIPO_CONTA ) VALUES ( '123.456.789-29', 9, '241', 3 );
INSERT INTO CLIENTE_X_CONTA( ID_CLIENTE, CODIGO, ID_BANCO,  TIPO_CONTA ) VALUES ( '123.456.789-30', 9, '241', 3 );

INSERT INTO CLIENTE_X_CONTA( ID_CLIENTE, CODIGO, ID_BANCO,  TIPO_CONTA ) VALUES ( '123.456.789-31', 10, '241', 3 );
INSERT INTO CLIENTE_X_CONTA( ID_CLIENTE, CODIGO, ID_BANCO,  TIPO_CONTA ) VALUES ( '123.456.789-32', 10, '241', 3 );


-- BANCO OMEGA
INSERT INTO CONTA( CODIGO, CODIGO_AGENCIA, ID_BANCO, TIPO_CONTA, SALDO ) VALUES ( 11, '0001', '307', 2, 1500.00 );
INSERT INTO CONTA( CODIGO, CODIGO_AGENCIA, ID_BANCO, TIPO_CONTA, SALDO ) VALUES ( 12, '8761', '307', 2, 5690.00 );
INSERT INTO CONTA( CODIGO, CODIGO_AGENCIA, ID_BANCO, TIPO_CONTA, SALDO ) VALUES ( 13, '4567', '307', 3, 250.30 );
INSERT INTO CONTA( CODIGO, CODIGO_AGENCIA, ID_BANCO, TIPO_CONTA, SALDO ) VALUES ( 14, '8761', '307', 3, 1800.00);
INSERT INTO CONTA( CODIGO, CODIGO_AGENCIA, ID_BANCO, TIPO_CONTA, SALDO ) VALUES ( 15, '4567', '307', 3, -1230.00 );

INSERT INTO CLIENTE_X_CONTA( ID_CLIENTE, CODIGO, ID_BANCO,  TIPO_CONTA ) VALUES ( '123.456.789-33', 11, '307', 2 );
INSERT INTO CLIENTE_X_CONTA( ID_CLIENTE, CODIGO, ID_BANCO,  TIPO_CONTA ) VALUES ( '123.456.789-34', 11, '307', 2 );
INSERT INTO CLIENTE_X_CONTA( ID_CLIENTE, CODIGO, ID_BANCO,  TIPO_CONTA ) VALUES ( '123.456.789-35', 11, '307', 2 );

INSERT INTO CLIENTE_X_CONTA( ID_CLIENTE, CODIGO, ID_BANCO,  TIPO_CONTA ) VALUES ( '123.456.789-36', 12, '307', 2 );
INSERT INTO CLIENTE_X_CONTA( ID_CLIENTE, CODIGO, ID_BANCO,  TIPO_CONTA ) VALUES ( '123.456.789-37', 12, '307', 2 );
INSERT INTO CLIENTE_X_CONTA( ID_CLIENTE, CODIGO, ID_BANCO,  TIPO_CONTA ) VALUES ( '123.456.789-38', 12, '307', 2 );

INSERT INTO CLIENTE_X_CONTA( ID_CLIENTE, CODIGO, ID_BANCO,  TIPO_CONTA ) VALUES ( '123.456.789-09', 13, '307', 3 );
INSERT INTO CLIENTE_X_CONTA( ID_CLIENTE, CODIGO, ID_BANCO,  TIPO_CONTA ) VALUES ( '123.456.789-10', 13, '307', 3 );

INSERT INTO CLIENTE_X_CONTA( ID_CLIENTE, CODIGO, ID_BANCO,  TIPO_CONTA ) VALUES ( '123.456.789-11', 14, '307', 3 );
INSERT INTO CLIENTE_X_CONTA( ID_CLIENTE, CODIGO, ID_BANCO,  TIPO_CONTA ) VALUES ( '123.456.789-12', 14, '307', 3 );

INSERT INTO CLIENTE_X_CONTA( ID_CLIENTE, CODIGO, ID_BANCO,  TIPO_CONTA ) VALUES ( '123.456.789-13', 15, '307', 3 );
INSERT INTO CLIENTE_X_CONTA( ID_CLIENTE, CODIGO, ID_BANCO,  TIPO_CONTA ) VALUES ( '123.456.789-14', 15, '307', 3 );



INSERT INTO GERENTE( CPF, FK_CODIGO, ID_BANCO, CODIGO_FUNCIONARIO, TIPO_GERENTE ) VALUES ( '123.456.789-09', '0001', '011', 1, 'GG' );
INSERT INTO GERENTE_X_CONTA( CPF, CODIGO ) VALUES ( '123.456.789-09', 1 );
INSERT INTO GERENTE_X_CONTA( CPF, CODIGO ) VALUES ( '123.456.789-09', 3 );
INSERT INTO GERENTE( CPF, FK_CODIGO, ID_BANCO, CODIGO_FUNCIONARIO, TIPO_GERENTE ) VALUES ( '123.456.789-15', '0002', '011', 2, 'GC' );
INSERT INTO GERENTE_X_CONTA( CPF, CODIGO ) VALUES ( '123.456.789-15', 2 );
INSERT INTO GERENTE( CPF, FK_CODIGO, ID_BANCO, CODIGO_FUNCIONARIO, TIPO_GERENTE ) VALUES ( '123.456.789-20', '0101', '011', 3, 'GG' );
INSERT INTO GERENTE_X_CONTA( CPF, CODIGO ) VALUES ( '123.456.789-20', 4 );
INSERT INTO GERENTE_X_CONTA( CPF, CODIGO ) VALUES ( '123.456.789-20', 5 );

INSERT INTO GERENTE( CPF, FK_CODIGO, ID_BANCO, CODIGO_FUNCIONARIO, TIPO_GERENTE ) VALUES ( '123.456.789-21', '0001', '241', 4, 'GG' );
INSERT INTO GERENTE_X_CONTA( CPF, CODIGO ) VALUES ( '123.456.789-21', 6 );
INSERT INTO GERENTE_X_CONTA( CPF, CODIGO ) VALUES ( '123.456.789-21', 7 );
INSERT INTO GERENTE_X_CONTA( CPF, CODIGO ) VALUES ( '123.456.789-21', 8 );
INSERT INTO GERENTE_X_CONTA( CPF, CODIGO ) VALUES ( '123.456.789-21', 9 );
INSERT INTO GERENTE_X_CONTA( CPF, CODIGO ) VALUES ( '123.456.789-21', 10 );

INSERT INTO GERENTE( CPF, FK_CODIGO, ID_BANCO, CODIGO_FUNCIONARIO, TIPO_GERENTE ) VALUES ( '123.456.789-28', '8761', '307', 5, 'GG' );
INSERT INTO GERENTE_X_CONTA( CPF, CODIGO ) VALUES ( '123.456.789-28', 12 );
INSERT INTO GERENTE_X_CONTA( CPF, CODIGO ) VALUES ( '123.456.789-28', 14 );
INSERT INTO GERENTE( CPF, FK_CODIGO, ID_BANCO, CODIGO_FUNCIONARIO, TIPO_GERENTE ) VALUES ( '123.456.789-32', '0001', '307', 6, 'GC' );
INSERT INTO GERENTE_X_CONTA( CPF, CODIGO ) VALUES ( '123.456.789-32', 11 );
INSERT INTO GERENTE( CPF, FK_CODIGO, ID_BANCO, CODIGO_FUNCIONARIO, TIPO_GERENTE ) VALUES ( '123.456.789-37', '4567', '307', 7, 'GG' );
INSERT INTO GERENTE_X_CONTA( CPF, CODIGO ) VALUES ( '123.456.789-37', 13 );
INSERT INTO GERENTE_X_CONTA( CPF, CODIGO ) VALUES ( '123.456.789-37', 15 );



